pool_id,type,question,option_a,option_b,option_c,option_d,correct,script,passage,difficulty
L001,listening,What does the woman want to do this weekend?,Go shopping,Visit her parents,Stay at home,Travel abroad,1,Woman: I'm planning to visit my parents this weekend. It's been a while since I last saw them.,,easy
L002,listening,Where is the man going?,To the library,To the gym,To the office,To the market,1,"Man: I need to work out. I haven't been to the gym in two weeks, so I'm heading there now.",,easy
L003,listening,What is the woman's problem?,She lost her keys,She missed the bus,She forgot her wallet,She is late for work,2,Woman: Oh no! I left home without my wallet. I can't pay for anything today.,,easy
L004,listening,What does the man suggest?,Taking a taxi,Walking to work,Calling a friend,Taking the subway,3,Man: Traffic is terrible today. I think taking the subway would be much faster than driving.,,easy
L005,listening,What time does the meeting start?,At 9:00 AM,At 10:00 AM,At 2:00 PM,At 3:00 PM,1,"Woman: Don't forget, the team meeting starts at ten o'clock sharp. Please be on time.",,easy
L006,listening,What is the man ordering?,A sandwich and juice,A burger and coffee,A salad and water,A pasta and tea,1,"Man: I'd like a cheeseburger and a large coffee, please. That's all for me.",,easy
L007,listening,Why is the woman calling?,To confirm a reservation,To cancel an appointment,To ask for directions,To make a complaint,0,"Woman: Hello, I'm calling to confirm my reservation for two people on Friday evening at seven.",,easy
L008,listening,What does the man want the woman to do?,Return a book,Lend him money,Help him move,Proofread his report,3,Man: I've just finished writing my report. Could you read through it and check for any errors before I submit it?,,easy
L009,listening,How does the woman feel about the presentation?,Excited,Nervous,Bored,Angry,1,Woman: I have to present in front of fifty people tomorrow. My hands are already shaking just thinking about it.,,easy
L010,listening,What is the weather like today?,Sunny and hot,Cold and windy,Rainy and cloudy,Warm and humid,2,Man: Don't forget your umbrella. It's been raining since morning and the sky looks really cloudy.,,easy
L011,listening,What did the woman buy at the store?,Bread and milk,Vegetables and fruits,Meat and fish,Snacks and drinks,1,Woman: I just got back from the market. I bought a lot of fresh vegetables and some fruits for the week.,,easy
L012,listening,What is the man's job?,A teacher,A doctor,An engineer,A chef,2,Man: I work on designing bridges and buildings. Being a civil engineer is challenging but very rewarding.,,easy
L013,listening,What does the woman recommend?,A new restaurant,A movie theater,A book store,A coffee shop,0,Woman: You should try the new Italian restaurant downtown. The pasta there is absolutely amazing.,,easy
L014,listening,What is the man's plan for tomorrow?,Work overtime,Visit a museum,Play football,Study for an exam,3,"Man: I have a big exam on Thursday, so I'll be spending all day tomorrow reviewing my notes and studying.",,easy
L015,listening,How many people are coming to the party?,About ten,About twenty,About thirty,About fifty,1,Woman: I've sent invitations to all my friends. Around twenty people said they're coming to the party.,,easy
L016,listening,What did the man forget?,His phone,His passport,His ticket,His bag,2,Man: I got to the station and realized I didn't have my ticket. I had to rush back home to get it.,,easy
L017,listening,Where did the woman grow up?,In the city,In the countryside,Near the ocean,In the mountains,2,Woman: I spent my childhood near the beach. I used to swim in the ocean every single day.,,easy
L018,listening,What sport does the man play?,Basketball,Tennis,Football,Swimming,1,Man: I've been playing tennis since I was twelve. I practice at the club every weekend.,,easy
L019,listening,What does the woman think about the movie?,It was excellent,It was boring,It was too long,It was confusing,2,"Woman: The story was interesting, but honestly the movie was way too long. Three hours is just too much.",,easy
L020,listening,How does the man travel to work?,By car,By bicycle,By bus,On foot,1,Man: I cycle to work every morning. It takes about twenty minutes and I get my exercise at the same time.,,easy
L021,listening,What is the main topic of their conversation?,Finding a new apartment,Renovating the kitchen,Buying new furniture,Moving to another city,0,Woman: The rent in my neighborhood has gone up so much. I'm thinking about looking for a new place. Man: That's a good idea. I can help you search online for available apartments.,,medium
L022,listening,What can be inferred about the man?,He has never traveled abroad,He prefers trains to planes,He travels frequently for work,He is afraid of flying,2,Man: This is my fourth business trip this month. I'm starting to feel exhausted from all the traveling.,,medium
L023,listening,What will the woman probably do next?,Call the manager,Leave the store,Ask for a refund,Try a different size,2,Woman: This jacket has a defect — the zipper is completely broken. I only bought it two days ago. I need to speak to someone about getting my money back.,,medium
L024,listening,What does the man imply about his colleague?,She is very hardworking,She often arrives late,She is about to quit,She recently got promoted,1,Man: Sarah has missed the morning briefing three times this week. The boss is starting to notice.,,medium
L025,listening,What problem does the woman mention?,Her computer crashed,The internet is slow,The printer is broken,The software has a bug,2,"Woman: I need to submit this document by noon, but the printer keeps jamming. Every time I try, the paper gets stuck inside.",,medium
L026,listening,What does the man say about the new policy?,He strongly supports it,He finds it unnecessary,He thinks it needs improvement,He is completely neutral,2,"Man: The policy is a step in the right direction, but there are a few areas that still need to be revised before it's fully effective.",,medium
L027,listening,Why is the woman unable to attend the conference?,She has another meeting,She is traveling overseas,She is not feeling well,She wasn't invited,2,Woman: I woke up with a fever this morning. There is no way I can make it to the conference today.,,medium
L028,listening,What does the conversation suggest about the project?,It is ahead of schedule,It has been completed,It is facing delays,It was cancelled,2,Man: We've had several unexpected issues this week. I'm worried we won't be able to meet the original deadline. Woman: We should notify the client as soon as possible.,,medium
L029,listening,What is the woman's opinion of the new manager?,She respects his experience,She thinks he is too strict,She finds him approachable,She is unsure about him,3,Woman: He's only been here for two weeks. It's still too early to form a proper opinion about his leadership style.,,medium
L030,listening,What will the man do after the meeting?,Send a report to the director,Revise the budget proposal,Call an overseas client,Take the rest of the day off,0,"Man: Once the meeting wraps up, I need to put together a summary and send it directly to the director before end of day.",,medium
L031,listening,What is the announcement about?,A store closure,A new product launch,A seasonal sale,A change in store hours,2,Announcement: Attention all shoppers. Our annual end-of-year sale begins this Friday. All items will be discounted by up to fifty percent for one week only.,,medium
L032,listening,What does the woman suggest they do about the situation?,Ignore it completely,Report it to authorities,Handle it internally,Postpone the decision,2,Woman: I don't think we need to involve anyone outside the company. We can resolve this among ourselves if we communicate properly.,,medium
L033,listening,What does the man ask the woman to prepare?,A financial summary,A list of attendees,A presentation slide,A draft contract,0,"Man: Before the board meeting on Thursday, I need you to compile the quarterly financial summary for the past three months.",,medium
L034,listening,What can be inferred about the company?,It is expanding rapidly,It recently lost a client,It is facing a budget cut,It hired many new employees,2,Woman: We've been asked to reduce spending in every department. Even business travel has been restricted unless absolutely necessary.,,medium
L035,listening,What does the speaker say about the training program?,It is mandatory for all staff,It has been postponed,It was very effective,It will be conducted online,3,"Speaker: Due to recent developments, this year's training will be delivered entirely online through our learning management system.",,medium
L036,listening,What is the relationship between the two speakers?,Classmates,Colleagues,Doctor and patient,Shopkeeper and customer,1,"Man: Did you review the proposal I sent yesterday? Woman: Yes, I made some comments. Let's go through them together at the office.",,medium
L037,listening,What does the woman want to know?,The price of a product,The store's return policy,The opening hours,The location of the store,1,Woman: I purchased this item last week and it stopped working. I wanted to ask — what is your policy on returning defective products?,,medium
L038,listening,How does the man feel about the job offer?,He is very enthusiastic,He is undecided,He has rejected it,He has already accepted it,1,"Man: The salary is good, but the commute would be two hours each way. I'm still weighing the pros and cons before making a decision.",,medium
L039,listening,What is the purpose of the phone call?,To reschedule a delivery,To track an order,To place a new order,To file a complaint,0,"Woman: Hello, I have a delivery scheduled for tomorrow morning, but something came up. Is it possible to move it to the afternoon instead?",,medium
L040,listening,What does the announcement say about the flight?,It has been cancelled,It is boarding now,It has been delayed,It has landed early,2,Announcement: We regret to inform passengers of flight GA-217 to Bali that the flight will be delayed by approximately ninety minutes due to weather conditions.,,medium
L041,listening,What does the man imply by saying 'That ship has sailed'?,The deadline has passed,The project was cancelled,The meeting was moved,The team has left,0,Man: I wish we had addressed this problem earlier. But that ship has sailed — we'll have to deal with the consequences now.,,hard
L042,listening,What can be concluded from the conversation?,The merger was successful,The negotiations have broken down,The deal is still being reviewed,Both parties are satisfied,1,Woman: We haven't been able to agree on the terms even after six rounds of discussion. Man: I know. It looks like we may have to walk away from this deal entirely.,,hard
L043,listening,What is the underlying message of the speaker's talk?,Technology is replacing human workers,Innovation requires collaboration,Remote work reduces productivity,Management skills are outdated,1,Speaker: No breakthrough has ever been achieved by a single person working in isolation. History shows us time and again that the most transformative ideas emerge when diverse minds come together with a shared purpose.,,hard
L044,listening,What does the woman mean when she says 'It's not rocket science'?,The task is very simple,The task requires expertise,Science is not involved,The instructions are unclear,0,Woman: I don't understand why the team is struggling with this. The process has been documented step by step — it's not rocket science.,,hard
L045,listening,What concern does the man raise about the proposal?,The timeline is unrealistic,The budget is insufficient,The team lacks experience,The market is too competitive,0,"Man: I appreciate the ambition here, but I'm skeptical. Completing all of these milestones within four months seems extremely optimistic given our current resources.",,hard
L046,listening,What is the speaker's main argument?,Urban planning needs reform,Public transport is inefficient,Green spaces improve mental health,Housing prices are rising,2,Speaker: Studies consistently demonstrate that people living near parks and natural environments report significantly lower levels of stress and higher overall life satisfaction.,,hard
L047,listening,What does the woman imply about her supervisor?,He micromanages his team,He delegates too much,He is rarely available,He shows favouritism,0,Woman: He reviews every single email I send before it goes out. Sometimes I feel like he doesn't trust me to handle even minor communications independently.,,hard
L048,listening,What does the conversation reveal about company culture?,Employees rarely receive feedback,The hierarchy is very flat,Work-life balance is prioritized,Competition among staff is high,2,Man: They actually encourage people to leave at five. Nobody expects you to stay late unless there's a real emergency. Woman: That's incredibly rare in this industry.,,hard
L049,listening,What strategy does the woman propose to address declining sales?,Cutting prices across the board,Launching a loyalty rewards program,Increasing the advertising budget,Entering a new market segment,1,"Woman: Rather than just reducing prices, I think we should focus on retaining existing customers through a well-designed loyalty program that rewards repeat purchases.",,hard
L050,listening,What does the professor suggest about the research methodology?,It lacks sufficient data,It relies too heavily on surveys,It needs a control group,It should use qualitative methods,2,"Professor: Your findings are interesting, but without a proper control group, it's difficult to attribute the results solely to the variable you're testing. You need to account for confounding factors.",,hard
L051,listening,What issue does the speaker raise about the new regulation?,It is too vague to enforce,It places too much burden on small businesses,It contradicts existing laws,It was passed without public consultation,1,"Speaker: While the intention behind this regulation is sound, the compliance costs are particularly problematic for smaller enterprises that don't have the resources of larger corporations.",,hard
L052,listening,What does the man mean when he says the decision was 'a double-edged sword'?,The decision was made by two people,The decision has both benefits and drawbacks,The decision was difficult to implement,The decision reversed a previous policy,1,"Man: Expanding into that market was really a double-edged sword. We gained significant revenue, but we also took on risks that are now proving very difficult to manage.",,hard
L053,listening,What can be inferred about the research findings?,They support the original hypothesis,They are consistent with previous studies,They challenge widely accepted assumptions,They require further peer review,2,"Researcher: These results are quite surprising. They directly contradict what the field has generally accepted for the past two decades, which means we need to completely rethink our models.",,hard
L054,listening,What does the woman suggest about the team's communication?,Meetings are too frequent,Emails are being overlooked,Information is not shared transparently,Feedback is overly critical,2,"Woman: The problem is that different departments are making decisions without informing each other. There's a serious lack of transparency, and it's causing unnecessary duplication of effort.",,hard
L055,listening,What is the speaker's attitude toward the current education system?,Fully supportive,Cautiously optimistic,Strongly critical,Completely indifferent,2,Speaker: The system continues to prioritize rote memorization over critical thinking. We are producing graduates who can recite facts but struggle profoundly when asked to solve real-world problems.,,hard
L056,listening,What does the man suggest could be a long-term consequence of the decision?,A decrease in employee morale,Loss of key partnerships,A shift in company culture,A reduction in product quality,2,"Man: If we keep restructuring the organization like this every two years, people will lose a sense of stability. Eventually it will fundamentally alter how people identify with the company and its values.",,hard
L057,listening,How does the woman respond to the criticism?,She dismisses it entirely,She partially agrees with it,She becomes defensive,She redirects the conversation,1,"Woman: Some of those points are valid — I'll admit the timeline was overly ambitious. However, I do think the core strategy was sound, even if the execution could have been better.",,hard
L058,listening,What does the consultant imply about the company's future?,It will grow steadily,It faces significant risk,It should consider merging,It is in a stable position,1,"Consultant: Based on the data I've reviewed, if the company continues on its current trajectory without making strategic adjustments, it will be in a very precarious position within eighteen months.",,hard
L059,listening,What distinction does the speaker draw between leadership and management?,"Leaders are born, managers are trained","Leadership focuses on vision, management on execution","Managers deal with people, leaders deal with strategy","Leadership is long-term, management is reactive",1,"Speaker: Management is about ensuring the right processes are followed and targets are met. Leadership, on the other hand, is about inspiring people toward a future that doesn't yet exist.",,hard
L060,listening,What does the woman ultimately conclude about the situation?,Immediate action is needed,The situation will resolve itself,External help should be sought,The root cause must be identified first,3,"Woman: We keep addressing the symptoms rather than looking at what's actually causing this. Until we properly diagnose the root of the problem, nothing we do will have a lasting effect.",,hard
S001,structure,She ___ English for five years before she moved to London.,studies,studied,has studied,had studied,3,,,easy
S002,structure,The train ___ when we arrived at the station.,already left,has already left,had already left,already leaves,2,,,easy
S003,structure,"By the time the exam starts, I ___ all the chapters.",will review,review,will have reviewed,have reviewed,2,,,easy
S004,structure,He ___ in this company since 2015.,works,is working,has been working,worked,2,,,easy
S005,structure,Water ___ at 100 degrees Celsius.,boils,is boiling,has boiled,boiled,0,,,easy
S006,structure,"When I got home, my mother ___ dinner.",cooks,cooked,was cooking,has cooked,2,,,easy
S007,structure,They ___ the project by the end of this month.,finish,finished,will finish,are finishing,2,,,easy
S008,structure,I ___ to the cinema three times this week.,go,went,have gone,had gone,2,,,easy
S009,structure,She realized she ___ her keys at home.,leaves,left,has left,had left,3,,,easy
S010,structure,"Every morning, he ___ up at six and ___ for a run.",wakes / goes,woke / went,has woken / goes,wakes / went,0,,,easy
S011,structure,The scientists ___ on this research for over a decade before the breakthrough.,work,worked,have worked,had been working,3,,,easy
S012,structure,"By next year, she ___ her PhD.",completes,will complete,will have completed,has completed,2,,,easy
S013,structure,I ___ her since we were children.,know,knew,have known,had known,2,,,easy
S014,structure,The package ___ tomorrow morning.,arrives,arrived,will arrive,has arrived,2,,,easy
S015,structure,"While she ___ a book, the phone rang.",reads,read,was reading,has read,2,,,easy
S016,structure,The new bridge ___ by the government last year.,built,was built,has built,is built,1,,,easy
S017,structure,The report ___ by the manager before the meeting.,is reviewing,will review,must be reviewed,reviews,2,,,easy
S018,structure,A new policy ___ by the board next week.,will announce,is announced,will be announced,announced,2,,,easy
S019,structure,The injured players ___ to the hospital immediately.,took,was taken,were taken,are taking,2,,,easy
S020,structure,English ___ as an official language in many countries.,spoken,speaks,is spoken,has spoken,2,,,easy
S021,structure,The essay should ___ before the deadline.,submit,be submitted,submitted,submitting,1,,,medium
S022,structure,The new software ___ by the IT team at the moment.,is being installed,installs,is installing,has installed,0,,,medium
S023,structure,The criminal ___ by the police last night.,arrested,was arrested,has arrested,were arrested,1,,,medium
S024,structure,The product ___ to more than fifty countries every year.,is exported,exports,exported,has exported,0,,,medium
S025,structure,It is believed that the ancient city ___ around 3000 BC.,founded,has founded,was founded,is founding,2,,,medium
S026,structure,"If I ___ rich, I would travel around the world.",am,was,were,had been,2,,,medium
S027,structure,"If you heat water to 100°C, it ___.",boils,would boil,boiled,will have boiled,0,,,medium
S028,structure,She ___ the job if she had arrived on time.,gets,got,would get,would have gotten,3,,,medium
S029,structure,"If it rains tomorrow, we ___ the picnic.",cancel,cancelled,will cancel,would cancel,2,,,medium
S030,structure,"Had he studied harder, he ___ the exam.",passes,would pass,would have passed,had passed,2,,,medium
S031,structure,"If I were you, I ___ that offer immediately.",accept,accepted,will accept,would accept,3,,,medium
S032,structure,She could speak French fluently if she ___ it every day.,practice,practiced,had practiced,will practice,1,,,medium
S033,structure,We would have arrived on time if the traffic ___ so heavy.,isn't,wasn't,hadn't been,wouldn't be,2,,,medium
S034,structure,"If he works harder, he ___ promoted.",will get,would get,had gotten,gets,0,,,medium
S035,structure,"Unless you ___ now, you will miss the flight.",leave,left,will leave,would leave,0,,,medium
S036,structure,The woman ___ is standing over there is my professor.,which,whose,who,whom,2,,,medium
S037,structure,The book ___ I borrowed from the library was fascinating.,who,whom,which,whose,2,,,medium
S038,structure,The student ___ father is a doctor won the scholarship.,who,whose,which,that,1,,,medium
S039,structure,This is the city ___ I was born.,which,where,who,that,1,,,medium
S040,structure,The man ___ I spoke to yesterday is the new director.,who,which,whom,whose,2,,,medium
S041,structure,The reason ___ she left the job is still unknown.,which,why,when,where,1,,,hard
S042,structure,This is the moment ___ everything changed.,where,whose,when,which,2,,,hard
S043,structure,The company ___ products are sold worldwide is based in Germany.,which,who,whose,that,2,,,hard
S044,structure,Neither the students nor the teacher ___ present at the meeting.,were,was,are,have been,1,,,hard
S045,structure,The news ___ shocking to everyone in the room.,were,are,was,have been,2,,,hard
S046,structure,Everyone in both classes ___ required to submit the assignment.,are,were,is,have been,2,,,hard
S047,structure,A number of students ___ absent because of the holiday.,was,is,were,has been,2,,,hard
S048,structure,The committee ___ unable to reach a decision yesterday.,were,is,was,are,2,,,hard
S049,structure,Each of the participants ___ given a certificate.,were,are,was,have been,2,,,hard
S050,structure,She is looking forward to ___ her family during the holidays.,see,sees,seeing,have seen,2,,,hard
S051,structure,He refused ___ the contract without consulting his lawyer.,sign,signing,to sign,having signed,2,,,hard
S052,structure,You ___ see a doctor. That cough sounds serious.,should,would,might,could,0,,,hard
S053,structure,She ___ have forgotten the meeting — she never misses one.,can't,must,should,would,0,,,hard
S054,structure,"The more you practice, ___ you become.",good,better,the better,the best,2,,,hard
S055,structure,"Not only ___ he finish the project, but he also exceeded expectations.",he did,did he,does he,had he,1,,,hard
S056,structure,It is essential that every employee ___ the safety guidelines.,follows,follow,followed,following,1,,,hard
S057,structure,I ___ rather stay home than go to that party.,will,would,should,must,1,,,hard
S058,structure,"The CEO, along with her senior advisors, ___ attending the summit.",are,were,is,have been,2,,,hard
S059,structure,Hardly ___ sat down when the fire alarm went off.,I had,had I,I have,have I,1,,,hard
S060,structure,She suggested ___ the meeting to the following week.,to postpone,postponing,postpone,postponed,1,,,hard
R001,reading,What is the main purpose of this passage?,To describe the biodiversity of the Amazon,To discuss threats to the Amazon and conservation efforts,To explain how the Amazon produces oxygen,To compare deforestation rates in different countries,1,,"The Amazon rainforest, often called the 'lungs of the Earth,' produces approximately 20% of the world's oxygen and is home to more than 10% of all species on the planet. Despite its vital importance, the Amazon has been facing unprecedented deforestation rates. Between 2019 and 2021, the region lost millions of hectares of forest due to agricultural expansion, illegal logging, and land clearing for cattle ranching. Scientists warn that if deforestation continues at this pace, the Amazon could reach a tipping point — a moment where the forest can no longer sustain itself and begins to degrade irreversibly. Conservation organizations and governments are working to establish protected areas, enforce environmental regulations, and promote sustainable land use practices to prevent this catastrophe.",easy
R002,reading,"According to the passage, what percentage of the world's species live in the Amazon?",More than 20%,Exactly 10%,More than 10%,Approximately 5%,2,,"The Amazon rainforest, often called the 'lungs of the Earth,' produces approximately 20% of the world's oxygen and is home to more than 10% of all species on the planet. Despite its vital importance, the Amazon has been facing unprecedented deforestation rates. Between 2019 and 2021, the region lost millions of hectares of forest due to agricultural expansion, illegal logging, and land clearing for cattle ranching. Scientists warn that if deforestation continues at this pace, the Amazon could reach a tipping point — a moment where the forest can no longer sustain itself and begins to degrade irreversibly. Conservation organizations and governments are working to establish protected areas, enforce environmental regulations, and promote sustainable land use practices to prevent this catastrophe.",easy
R003,reading,What does the term 'tipping point' refer to in the passage?,A moment of rapid economic growth,The point at which deforestation becomes irreversible,The peak of biodiversity in the forest,The maximum capacity for oxygen production,1,,"The Amazon rainforest, often called the 'lungs of the Earth,' produces approximately 20% of the world's oxygen and is home to more than 10% of all species on the planet. Despite its vital importance, the Amazon has been facing unprecedented deforestation rates. Between 2019 and 2021, the region lost millions of hectares of forest due to agricultural expansion, illegal logging, and land clearing for cattle ranching. Scientists warn that if deforestation continues at this pace, the Amazon could reach a tipping point — a moment where the forest can no longer sustain itself and begins to degrade irreversibly. Conservation organizations and governments are working to establish protected areas, enforce environmental regulations, and promote sustainable land use practices to prevent this catastrophe.",easy
R004,reading,Which of the following is NOT mentioned as a cause of deforestation?,Agricultural expansion,Illegal logging,Mining operations,Cattle ranching,2,,"The Amazon rainforest, often called the 'lungs of the Earth,' produces approximately 20% of the world's oxygen and is home to more than 10% of all species on the planet. Despite its vital importance, the Amazon has been facing unprecedented deforestation rates. Between 2019 and 2021, the region lost millions of hectares of forest due to agricultural expansion, illegal logging, and land clearing for cattle ranching. Scientists warn that if deforestation continues at this pace, the Amazon could reach a tipping point — a moment where the forest can no longer sustain itself and begins to degrade irreversibly. Conservation organizations and governments are working to establish protected areas, enforce environmental regulations, and promote sustainable land use practices to prevent this catastrophe.",easy
R005,reading,What can be inferred about the current state of the Amazon?,It has already passed its tipping point,It is under serious environmental threat,Conservation efforts have been completely successful,Deforestation rates have recently decreased,1,,"The Amazon rainforest, often called the 'lungs of the Earth,' produces approximately 20% of the world's oxygen and is home to more than 10% of all species on the planet. Despite its vital importance, the Amazon has been facing unprecedented deforestation rates. Between 2019 and 2021, the region lost millions of hectares of forest due to agricultural expansion, illegal logging, and land clearing for cattle ranching. Scientists warn that if deforestation continues at this pace, the Amazon could reach a tipping point — a moment where the forest can no longer sustain itself and begins to degrade irreversibly. Conservation organizations and governments are working to establish protected areas, enforce environmental regulations, and promote sustainable land use practices to prevent this catastrophe.",easy
R006,reading,What is the passage primarily about?,The history of remote work,The impact of the pandemic on employment,The rise and challenges of remote work,Why companies prefer in-office work,2,,"Remote work, once considered a temporary measure during the pandemic, has now become a permanent feature of the modern workplace. A 2023 survey found that more than 58% of knowledge workers in developed economies work remotely at least part of the time. Proponents argue that remote work increases employee satisfaction, reduces commuting time, and allows companies to recruit talent from a global pool. However, critics point to challenges such as difficulty in collaboration, feelings of isolation among employees, and the blurring of boundaries between work and personal life. To address these issues, many organizations are adopting hybrid models that combine in-office and remote work, aiming to capture the benefits of both while minimizing the downsides.",easy
R007,reading,"According to the survey mentioned, what percentage of knowledge workers work remotely at least part of the time?",More than 68%,Less than 50%,More than 58%,Exactly 58%,2,,"Remote work, once considered a temporary measure during the pandemic, has now become a permanent feature of the modern workplace. A 2023 survey found that more than 58% of knowledge workers in developed economies work remotely at least part of the time. Proponents argue that remote work increases employee satisfaction, reduces commuting time, and allows companies to recruit talent from a global pool. However, critics point to challenges such as difficulty in collaboration, feelings of isolation among employees, and the blurring of boundaries between work and personal life. To address these issues, many organizations are adopting hybrid models that combine in-office and remote work, aiming to capture the benefits of both while minimizing the downsides.",easy
R008,reading,Which of the following is listed as a benefit of remote work?,Better collaboration,Access to global talent,Clearer work-life boundaries,Improved mental health,1,,"Remote work, once considered a temporary measure during the pandemic, has now become a permanent feature of the modern workplace. A 2023 survey found that more than 58% of knowledge workers in developed economies work remotely at least part of the time. Proponents argue that remote work increases employee satisfaction, reduces commuting time, and allows companies to recruit talent from a global pool. However, critics point to challenges such as difficulty in collaboration, feelings of isolation among employees, and the blurring of boundaries between work and personal life. To address these issues, many organizations are adopting hybrid models that combine in-office and remote work, aiming to capture the benefits of both while minimizing the downsides.",easy
R009,reading,What is a 'hybrid model' as described in the passage?,A combination of full-time and part-time work,A mix of remote and in-office work,A system using both technology and manual processes,An approach combining freelance and permanent employment,1,,"Remote work, once considered a temporary measure during the pandemic, has now become a permanent feature of the modern workplace. A 2023 survey found that more than 58% of knowledge workers in developed economies work remotely at least part of the time. Proponents argue that remote work increases employee satisfaction, reduces commuting time, and allows companies to recruit talent from a global pool. However, critics point to challenges such as difficulty in collaboration, feelings of isolation among employees, and the blurring of boundaries between work and personal life. To address these issues, many organizations are adopting hybrid models that combine in-office and remote work, aiming to capture the benefits of both while minimizing the downsides.",easy
R010,reading,What does the word 'proponents' mean in the context of the passage?,Critics,Researchers,Supporters,Employers,2,,"Remote work, once considered a temporary measure during the pandemic, has now become a permanent feature of the modern workplace. A 2023 survey found that more than 58% of knowledge workers in developed economies work remotely at least part of the time. Proponents argue that remote work increases employee satisfaction, reduces commuting time, and allows companies to recruit talent from a global pool. However, critics point to challenges such as difficulty in collaboration, feelings of isolation among employees, and the blurring of boundaries between work and personal life. To address these issues, many organizations are adopting hybrid models that combine in-office and remote work, aiming to capture the benefits of both while minimizing the downsides.",easy
R011,reading,What is the central theme of the passage?,The history of artificial intelligence,AI's applications and ethical concerns,How AI is used in the financial industry,The dangers of machine learning,1,,"Artificial intelligence is transforming numerous industries, from healthcare to finance. In medicine, AI algorithms can now analyze medical images with accuracy comparable to experienced radiologists, enabling earlier and more precise diagnoses of conditions such as cancer and heart disease. In the financial sector, AI-powered systems detect fraudulent transactions in real time by identifying unusual patterns in millions of data points simultaneously. Despite these advancements, concerns persist about ethical issues — particularly algorithmic bias, where AI systems may produce outcomes that inadvertently discriminate against certain groups. Experts emphasize that responsible AI development must involve transparency, diverse training data, and rigorous human oversight to ensure that these powerful tools benefit all of society equitably.",medium
R012,reading,"According to the passage, how does AI assist in medicine?",By replacing doctors in surgery,By managing patient records,By analyzing medical images for diagnosis,By developing new medications,2,,"Artificial intelligence is transforming numerous industries, from healthcare to finance. In medicine, AI algorithms can now analyze medical images with accuracy comparable to experienced radiologists, enabling earlier and more precise diagnoses of conditions such as cancer and heart disease. In the financial sector, AI-powered systems detect fraudulent transactions in real time by identifying unusual patterns in millions of data points simultaneously. Despite these advancements, concerns persist about ethical issues — particularly algorithmic bias, where AI systems may produce outcomes that inadvertently discriminate against certain groups. Experts emphasize that responsible AI development must involve transparency, diverse training data, and rigorous human oversight to ensure that these powerful tools benefit all of society equitably.",medium
R013,reading,What is 'algorithmic bias' as mentioned in the passage?,A preference for certain AI companies,Errors caused by computer hardware,AI producing discriminatory outcomes unintentionally,Bias in how researchers interpret AI data,2,,"Artificial intelligence is transforming numerous industries, from healthcare to finance. In medicine, AI algorithms can now analyze medical images with accuracy comparable to experienced radiologists, enabling earlier and more precise diagnoses of conditions such as cancer and heart disease. In the financial sector, AI-powered systems detect fraudulent transactions in real time by identifying unusual patterns in millions of data points simultaneously. Despite these advancements, concerns persist about ethical issues — particularly algorithmic bias, where AI systems may produce outcomes that inadvertently discriminate against certain groups. Experts emphasize that responsible AI development must involve transparency, diverse training data, and rigorous human oversight to ensure that these powerful tools benefit all of society equitably.",medium
R014,reading,What do experts suggest is needed for responsible AI development?,Faster computing systems and lower costs,"Transparency, diverse data, and human oversight",Restricting AI to government use only,Giving AI systems full autonomy,1,,"Artificial intelligence is transforming numerous industries, from healthcare to finance. In medicine, AI algorithms can now analyze medical images with accuracy comparable to experienced radiologists, enabling earlier and more precise diagnoses of conditions such as cancer and heart disease. In the financial sector, AI-powered systems detect fraudulent transactions in real time by identifying unusual patterns in millions of data points simultaneously. Despite these advancements, concerns persist about ethical issues — particularly algorithmic bias, where AI systems may produce outcomes that inadvertently discriminate against certain groups. Experts emphasize that responsible AI development must involve transparency, diverse training data, and rigorous human oversight to ensure that these powerful tools benefit all of society equitably.",medium
R015,reading,The word 'inadvertently' in the passage most nearly means:,Deliberately,Accidentally,Frequently,Severely,1,,"Artificial intelligence is transforming numerous industries, from healthcare to finance. In medicine, AI algorithms can now analyze medical images with accuracy comparable to experienced radiologists, enabling earlier and more precise diagnoses of conditions such as cancer and heart disease. In the financial sector, AI-powered systems detect fraudulent transactions in real time by identifying unusual patterns in millions of data points simultaneously. Despite these advancements, concerns persist about ethical issues — particularly algorithmic bias, where AI systems may produce outcomes that inadvertently discriminate against certain groups. Experts emphasize that responsible AI development must involve transparency, diverse training data, and rigorous human oversight to ensure that these powerful tools benefit all of society equitably.",medium
R016,reading,What is the main argument of the passage?,People should work fewer hours,Sleep is critically important for health and well-being,Modern society is obsessed with productivity,Scientists have discovered new sleep disorders,1,,"Sleep is far more than a period of rest. During sleep, the brain undergoes critical processes that are essential for learning, memory consolidation, and emotional regulation. Research shows that people who consistently sleep fewer than seven hours per night are at significantly higher risk for chronic conditions such as obesity, diabetes, cardiovascular disease, and depression. Despite this, modern society often treats sleep deprivation as a badge of honor, with productivity culture glorifying long working hours at the expense of adequate rest. Sleep scientists advocate for a shift in cultural attitudes, arguing that prioritizing sleep is not a sign of laziness but rather a fundamental investment in one's long-term health, cognitive performance, and overall well-being.",medium
R017,reading,"According to the passage, what happens to the brain during sleep?",It stops all activity,It repairs physical injuries,It consolidates memory and regulates emotions,It generates new neural pathways randomly,2,,"Sleep is far more than a period of rest. During sleep, the brain undergoes critical processes that are essential for learning, memory consolidation, and emotional regulation. Research shows that people who consistently sleep fewer than seven hours per night are at significantly higher risk for chronic conditions such as obesity, diabetes, cardiovascular disease, and depression. Despite this, modern society often treats sleep deprivation as a badge of honor, with productivity culture glorifying long working hours at the expense of adequate rest. Sleep scientists advocate for a shift in cultural attitudes, arguing that prioritizing sleep is not a sign of laziness but rather a fundamental investment in one's long-term health, cognitive performance, and overall well-being.",medium
R018,reading,What health risks are associated with sleeping fewer than seven hours?,Vision problems and migraines,"Obesity, diabetes, and cardiovascular disease",Joint pain and muscle weakness,Allergies and immune disorders,1,,"Sleep is far more than a period of rest. During sleep, the brain undergoes critical processes that are essential for learning, memory consolidation, and emotional regulation. Research shows that people who consistently sleep fewer than seven hours per night are at significantly higher risk for chronic conditions such as obesity, diabetes, cardiovascular disease, and depression. Despite this, modern society often treats sleep deprivation as a badge of honor, with productivity culture glorifying long working hours at the expense of adequate rest. Sleep scientists advocate for a shift in cultural attitudes, arguing that prioritizing sleep is not a sign of laziness but rather a fundamental investment in one's long-term health, cognitive performance, and overall well-being.",medium
R019,reading,How does modern society view sleep deprivation according to the author?,As a serious health issue requiring treatment,As something to be avoided at all costs,As a sign of dedication and productivity,As a natural consequence of technology use,2,,"Sleep is far more than a period of rest. During sleep, the brain undergoes critical processes that are essential for learning, memory consolidation, and emotional regulation. Research shows that people who consistently sleep fewer than seven hours per night are at significantly higher risk for chronic conditions such as obesity, diabetes, cardiovascular disease, and depression. Despite this, modern society often treats sleep deprivation as a badge of honor, with productivity culture glorifying long working hours at the expense of adequate rest. Sleep scientists advocate for a shift in cultural attitudes, arguing that prioritizing sleep is not a sign of laziness but rather a fundamental investment in one's long-term health, cognitive performance, and overall well-being.",medium
R020,reading,What does the author mean by 'a fundamental investment' in relation to sleep?,Sleep requires financial resources,Prioritizing sleep has long-term benefits,Sleep is a luxury only some can afford,Good sleep requires expensive equipment,1,,"Sleep is far more than a period of rest. During sleep, the brain undergoes critical processes that are essential for learning, memory consolidation, and emotional regulation. Research shows that people who consistently sleep fewer than seven hours per night are at significantly higher risk for chronic conditions such as obesity, diabetes, cardiovascular disease, and depression. Despite this, modern society often treats sleep deprivation as a badge of honor, with productivity culture glorifying long working hours at the expense of adequate rest. Sleep scientists advocate for a shift in cultural attitudes, arguing that prioritizing sleep is not a sign of laziness but rather a fundamental investment in one's long-term health, cognitive performance, and overall well-being.",medium
R021,reading,What is the primary cause of climate change according to the passage?,Natural volcanic activity,Greenhouse gas emissions from human activity,Changes in Earth's orbit,Ocean temperature fluctuations,1,,"Climate change poses one of the greatest challenges of the 21st century, affecting ecosystems, economies, and human health on a global scale. The primary driver of contemporary climate change is the dramatic increase in greenhouse gas emissions resulting from industrial activity, deforestation, and the burning of fossil fuels. Rising global temperatures are causing glaciers and polar ice caps to melt at unprecedented rates, contributing to sea level rise that threatens coastal communities worldwide. While international agreements such as the Paris Agreement represent significant diplomatic progress, experts argue that current national commitments remain insufficient to limit warming to the 1.5°C target set by climate scientists. Transformative action — including rapid transition to renewable energy, carbon capture technologies, and systemic changes in consumption patterns — is urgently needed.",hard
R022,reading,What consequence of rising temperatures is specifically mentioned?,Increased frequency of earthquakes,Disruption of ocean currents,Melting glaciers causing sea level rise,Widespread droughts across continents,2,,"Climate change poses one of the greatest challenges of the 21st century, affecting ecosystems, economies, and human health on a global scale. The primary driver of contemporary climate change is the dramatic increase in greenhouse gas emissions resulting from industrial activity, deforestation, and the burning of fossil fuels. Rising global temperatures are causing glaciers and polar ice caps to melt at unprecedented rates, contributing to sea level rise that threatens coastal communities worldwide. While international agreements such as the Paris Agreement represent significant diplomatic progress, experts argue that current national commitments remain insufficient to limit warming to the 1.5°C target set by climate scientists. Transformative action — including rapid transition to renewable energy, carbon capture technologies, and systemic changes in consumption patterns — is urgently needed.",hard
R023,reading,What does the author suggest about current national climate commitments?,They exceed what is scientifically necessary,They are exactly on target,They are not sufficient to meet the 1.5°C goal,They have already reduced emissions significantly,2,,"Climate change poses one of the greatest challenges of the 21st century, affecting ecosystems, economies, and human health on a global scale. The primary driver of contemporary climate change is the dramatic increase in greenhouse gas emissions resulting from industrial activity, deforestation, and the burning of fossil fuels. Rising global temperatures are causing glaciers and polar ice caps to melt at unprecedented rates, contributing to sea level rise that threatens coastal communities worldwide. While international agreements such as the Paris Agreement represent significant diplomatic progress, experts argue that current national commitments remain insufficient to limit warming to the 1.5°C target set by climate scientists. Transformative action — including rapid transition to renewable energy, carbon capture technologies, and systemic changes in consumption patterns — is urgently needed.",hard
R024,reading,Which of the following solutions is NOT mentioned in the passage?,Renewable energy transition,Carbon capture technologies,Geoengineering the atmosphere,Changing consumption patterns,2,,"Climate change poses one of the greatest challenges of the 21st century, affecting ecosystems, economies, and human health on a global scale. The primary driver of contemporary climate change is the dramatic increase in greenhouse gas emissions resulting from industrial activity, deforestation, and the burning of fossil fuels. Rising global temperatures are causing glaciers and polar ice caps to melt at unprecedented rates, contributing to sea level rise that threatens coastal communities worldwide. While international agreements such as the Paris Agreement represent significant diplomatic progress, experts argue that current national commitments remain insufficient to limit warming to the 1.5°C target set by climate scientists. Transformative action — including rapid transition to renewable energy, carbon capture technologies, and systemic changes in consumption patterns — is urgently needed.",hard
R025,reading,The word 'transformative' in the passage most closely means:,Gradual and incremental,Fundamental and far-reaching,Temporary and reversible,Politically motivated,1,,"Climate change poses one of the greatest challenges of the 21st century, affecting ecosystems, economies, and human health on a global scale. The primary driver of contemporary climate change is the dramatic increase in greenhouse gas emissions resulting from industrial activity, deforestation, and the burning of fossil fuels. Rising global temperatures are causing glaciers and polar ice caps to melt at unprecedented rates, contributing to sea level rise that threatens coastal communities worldwide. While international agreements such as the Paris Agreement represent significant diplomatic progress, experts argue that current national commitments remain insufficient to limit warming to the 1.5°C target set by climate scientists. Transformative action — including rapid transition to renewable energy, carbon capture technologies, and systemic changes in consumption patterns — is urgently needed.",hard
R026,reading,What is the central challenge discussed in the passage?,Reducing meat consumption worldwide,Feeding a growing population sustainably,Improving food distribution networks,Managing food waste in developed countries,1,,"The global food system faces mounting pressure to feed a projected population of nearly ten billion people by 2050 while simultaneously reducing its environmental footprint. Industrial agriculture, which dominates global food production, relies heavily on chemical fertilizers, pesticides, and large amounts of water — practices that have enabled remarkable productivity gains but have also led to soil degradation, water pollution, and significant greenhouse gas emissions. Alternative approaches such as regenerative agriculture, vertical farming, and precision agriculture — which uses data and technology to optimize resource use — are gaining traction as more sustainable solutions. However, scaling these innovations to meet global food demands requires significant investment, policy support, and changes in consumer behavior.",hard
R027,reading,What is a negative consequence of industrial agriculture mentioned in the passage?,Decreased food productivity,Higher food prices for consumers,Soil degradation and water pollution,Reduced access to technology,2,,"The global food system faces mounting pressure to feed a projected population of nearly ten billion people by 2050 while simultaneously reducing its environmental footprint. Industrial agriculture, which dominates global food production, relies heavily on chemical fertilizers, pesticides, and large amounts of water — practices that have enabled remarkable productivity gains but have also led to soil degradation, water pollution, and significant greenhouse gas emissions. Alternative approaches such as regenerative agriculture, vertical farming, and precision agriculture — which uses data and technology to optimize resource use — are gaining traction as more sustainable solutions. However, scaling these innovations to meet global food demands requires significant investment, policy support, and changes in consumer behavior.",hard
R028,reading,What does 'precision agriculture' refer to according to the passage?,Small-scale organic farming methods,Using data and technology to optimize farming,Traditional farming techniques updated for modern use,Farming in controlled indoor environments,1,,"The global food system faces mounting pressure to feed a projected population of nearly ten billion people by 2050 while simultaneously reducing its environmental footprint. Industrial agriculture, which dominates global food production, relies heavily on chemical fertilizers, pesticides, and large amounts of water — practices that have enabled remarkable productivity gains but have also led to soil degradation, water pollution, and significant greenhouse gas emissions. Alternative approaches such as regenerative agriculture, vertical farming, and precision agriculture — which uses data and technology to optimize resource use — are gaining traction as more sustainable solutions. However, scaling these innovations to meet global food demands requires significant investment, policy support, and changes in consumer behavior.",hard
R029,reading,What does the passage suggest is needed to scale alternative farming methods?,Eliminating industrial agriculture completely,"Investment, policy support, and behavior change",More research into genetic engineering,Reducing the global population target,1,,"The global food system faces mounting pressure to feed a projected population of nearly ten billion people by 2050 while simultaneously reducing its environmental footprint. Industrial agriculture, which dominates global food production, relies heavily on chemical fertilizers, pesticides, and large amounts of water — practices that have enabled remarkable productivity gains but have also led to soil degradation, water pollution, and significant greenhouse gas emissions. Alternative approaches such as regenerative agriculture, vertical farming, and precision agriculture — which uses data and technology to optimize resource use — are gaining traction as more sustainable solutions. However, scaling these innovations to meet global food demands requires significant investment, policy support, and changes in consumer behavior.",hard
R030,reading,The word 'footprint' in the first sentence most likely refers to:,Physical land area used for farming,Environmental impact of food production,Economic cost of the food system,Number of workers in agriculture,1,,"The global food system faces mounting pressure to feed a projected population of nearly ten billion people by 2050 while simultaneously reducing its environmental footprint. Industrial agriculture, which dominates global food production, relies heavily on chemical fertilizers, pesticides, and large amounts of water — practices that have enabled remarkable productivity gains but have also led to soil degradation, water pollution, and significant greenhouse gas emissions. Alternative approaches such as regenerative agriculture, vertical farming, and precision agriculture — which uses data and technology to optimize resource use — are gaining traction as more sustainable solutions. However, scaling these innovations to meet global food demands requires significant investment, policy support, and changes in consumer behavior.",hard
R031,reading,Who introduced the concept of a growth mindset?,Albert Bandura,Carol Dweck,Daniel Kahneman,Martin Seligman,1,,"The concept of a 'growth mindset,' introduced by psychologist Carol Dweck, has revolutionized how educators and organizations think about learning and potential. Individuals with a growth mindset believe that their abilities and intelligence can be developed through dedication, hard work, and learning from failure. In contrast, those with a 'fixed mindset' view their talents as static, innate qualities that cannot be changed. Research across schools and corporations consistently shows that people with a growth mindset achieve more, embrace challenges, persist in the face of setbacks, and respond more positively to feedback. Organizations that cultivate a growth mindset culture tend to see greater innovation and resilience, as employees feel safe to experiment, make mistakes, and continuously improve.",easy
R032,reading,How do people with a growth mindset view failure?,As a sign of low intelligence,As something to avoid completely,As an opportunity to learn,As the result of bad luck,2,,"The concept of a 'growth mindset,' introduced by psychologist Carol Dweck, has revolutionized how educators and organizations think about learning and potential. Individuals with a growth mindset believe that their abilities and intelligence can be developed through dedication, hard work, and learning from failure. In contrast, those with a 'fixed mindset' view their talents as static, innate qualities that cannot be changed. Research across schools and corporations consistently shows that people with a growth mindset achieve more, embrace challenges, persist in the face of setbacks, and respond more positively to feedback. Organizations that cultivate a growth mindset culture tend to see greater innovation and resilience, as employees feel safe to experiment, make mistakes, and continuously improve.",easy
R033,reading,What is the key difference between a growth and fixed mindset?,Their attitude toward money,Whether they believe abilities can be developed,Their preference for group or individual work,Their level of academic qualification,1,,"The concept of a 'growth mindset,' introduced by psychologist Carol Dweck, has revolutionized how educators and organizations think about learning and potential. Individuals with a growth mindset believe that their abilities and intelligence can be developed through dedication, hard work, and learning from failure. In contrast, those with a 'fixed mindset' view their talents as static, innate qualities that cannot be changed. Research across schools and corporations consistently shows that people with a growth mindset achieve more, embrace challenges, persist in the face of setbacks, and respond more positively to feedback. Organizations that cultivate a growth mindset culture tend to see greater innovation and resilience, as employees feel safe to experiment, make mistakes, and continuously improve.",easy
R034,reading,What organizational benefit is linked to a growth mindset culture?,Reduced operating costs,Stricter performance standards,Greater innovation and resilience,Higher employee salaries,2,,"The concept of a 'growth mindset,' introduced by psychologist Carol Dweck, has revolutionized how educators and organizations think about learning and potential. Individuals with a growth mindset believe that their abilities and intelligence can be developed through dedication, hard work, and learning from failure. In contrast, those with a 'fixed mindset' view their talents as static, innate qualities that cannot be changed. Research across schools and corporations consistently shows that people with a growth mindset achieve more, embrace challenges, persist in the face of setbacks, and respond more positively to feedback. Organizations that cultivate a growth mindset culture tend to see greater innovation and resilience, as employees feel safe to experiment, make mistakes, and continuously improve.",easy
R035,reading,The word 'innate' in the passage most nearly means:,Acquired through experience,Inborn and natural,Developed through effort,Shaped by the environment,1,,"The concept of a 'growth mindset,' introduced by psychologist Carol Dweck, has revolutionized how educators and organizations think about learning and potential. Individuals with a growth mindset believe that their abilities and intelligence can be developed through dedication, hard work, and learning from failure. In contrast, those with a 'fixed mindset' view their talents as static, innate qualities that cannot be changed. Research across schools and corporations consistently shows that people with a growth mindset achieve more, embrace challenges, persist in the face of setbacks, and respond more positively to feedback. Organizations that cultivate a growth mindset culture tend to see greater innovation and resilience, as employees feel safe to experiment, make mistakes, and continuously improve.",easy
R036,reading,What is the main idea of this passage?,How digital technology is replacing city workers,The benefits and concerns of smart city development,Why Singapore is the most advanced city in the world,How data analytics improves public health,1,,"Smart cities are urban areas that integrate digital technology and data-driven infrastructure to improve the efficiency of city services and enhance the quality of life for residents. From intelligent traffic management systems that reduce congestion in real time to sensor-equipped waste bins that only request collection when full, smart city technologies are reshaping how urban spaces function. Singapore, Barcelona, and Copenhagen are frequently cited as leading examples, having deployed extensive networks of sensors, cameras, and analytics platforms across their urban landscapes. However, critics raise serious concerns about data privacy and surveillance, arguing that the vast amounts of personal data collected by smart city systems could be misused by governments or corporations. Striking the right balance between technological efficiency and civil liberties remains one of the central challenges of smart city development.",easy
R037,reading,Which example of smart city technology is mentioned?,Self-driving public buses,Sensor-equipped waste bins,Automated construction systems,Cashless payment on all transport,1,,"Smart cities are urban areas that integrate digital technology and data-driven infrastructure to improve the efficiency of city services and enhance the quality of life for residents. From intelligent traffic management systems that reduce congestion in real time to sensor-equipped waste bins that only request collection when full, smart city technologies are reshaping how urban spaces function. Singapore, Barcelona, and Copenhagen are frequently cited as leading examples, having deployed extensive networks of sensors, cameras, and analytics platforms across their urban landscapes. However, critics raise serious concerns about data privacy and surveillance, arguing that the vast amounts of personal data collected by smart city systems could be misused by governments or corporations. Striking the right balance between technological efficiency and civil liberties remains one of the central challenges of smart city development.",easy
R038,reading,Which cities are NOT mentioned as smart city examples?,Singapore,Tokyo,Barcelona,Copenhagen,1,,"Smart cities are urban areas that integrate digital technology and data-driven infrastructure to improve the efficiency of city services and enhance the quality of life for residents. From intelligent traffic management systems that reduce congestion in real time to sensor-equipped waste bins that only request collection when full, smart city technologies are reshaping how urban spaces function. Singapore, Barcelona, and Copenhagen are frequently cited as leading examples, having deployed extensive networks of sensors, cameras, and analytics platforms across their urban landscapes. However, critics raise serious concerns about data privacy and surveillance, arguing that the vast amounts of personal data collected by smart city systems could be misused by governments or corporations. Striking the right balance between technological efficiency and civil liberties remains one of the central challenges of smart city development.",easy
R039,reading,What is the main criticism of smart cities?,They are too expensive to maintain,They create too much electronic waste,They raise serious data privacy concerns,They increase inequality between neighborhoods,2,,"Smart cities are urban areas that integrate digital technology and data-driven infrastructure to improve the efficiency of city services and enhance the quality of life for residents. From intelligent traffic management systems that reduce congestion in real time to sensor-equipped waste bins that only request collection when full, smart city technologies are reshaping how urban spaces function. Singapore, Barcelona, and Copenhagen are frequently cited as leading examples, having deployed extensive networks of sensors, cameras, and analytics platforms across their urban landscapes. However, critics raise serious concerns about data privacy and surveillance, arguing that the vast amounts of personal data collected by smart city systems could be misused by governments or corporations. Striking the right balance between technological efficiency and civil liberties remains one of the central challenges of smart city development.",easy
R040,reading,What does the passage identify as a central challenge for smart cities?,Funding the necessary infrastructure,Balancing technology with civil liberties,Reducing carbon emissions from digital systems,Training city workers to use new technology,1,,"Smart cities are urban areas that integrate digital technology and data-driven infrastructure to improve the efficiency of city services and enhance the quality of life for residents. From intelligent traffic management systems that reduce congestion in real time to sensor-equipped waste bins that only request collection when full, smart city technologies are reshaping how urban spaces function. Singapore, Barcelona, and Copenhagen are frequently cited as leading examples, having deployed extensive networks of sensors, cameras, and analytics platforms across their urban landscapes. However, critics raise serious concerns about data privacy and surveillance, arguing that the vast amounts of personal data collected by smart city systems could be misused by governments or corporations. Striking the right balance between technological efficiency and civil liberties remains one of the central challenges of smart city development.",easy
R041,reading,What was the Silk Road primarily?,A single long road made of silk,A network of ancient trade routes,A river route connecting China and Rome,A series of diplomatic agreements between empires,1,,"The Silk Road was not a single road, but rather an ancient network of trade routes that connected China to the Mediterranean world, stretching over 6,000 kilometers. From roughly the 2nd century BC to the 15th century AD, merchants, diplomats, pilgrims, and scholars traveled these routes, exchanging not only silk, spices, and precious metals, but also ideas, religions, and cultural practices. Buddhism spread from India to China along these routes, while Islam traveled westward to Central Asia. Papermaking and gunpowder — Chinese inventions — eventually reached Europe via the Silk Road, profoundly influencing the course of Western history. The route declined with the rise of maritime trade in the 15th and 16th centuries, when sea routes offered cheaper and faster alternatives for long-distance commerce.",medium
R042,reading,What was exchanged along the Silk Road besides goods?,Military weapons and soldiers,Slaves and livestock,"Ideas, religions, and cultural practices",Maps and geographic knowledge,2,,"The Silk Road was not a single road, but rather an ancient network of trade routes that connected China to the Mediterranean world, stretching over 6,000 kilometers. From roughly the 2nd century BC to the 15th century AD, merchants, diplomats, pilgrims, and scholars traveled these routes, exchanging not only silk, spices, and precious metals, but also ideas, religions, and cultural practices. Buddhism spread from India to China along these routes, while Islam traveled westward to Central Asia. Papermaking and gunpowder — Chinese inventions — eventually reached Europe via the Silk Road, profoundly influencing the course of Western history. The route declined with the rise of maritime trade in the 15th and 16th centuries, when sea routes offered cheaper and faster alternatives for long-distance commerce.",medium
R043,reading,Which religion spread from India to China via the Silk Road?,Christianity,Hinduism,Islam,Buddhism,3,,"The Silk Road was not a single road, but rather an ancient network of trade routes that connected China to the Mediterranean world, stretching over 6,000 kilometers. From roughly the 2nd century BC to the 15th century AD, merchants, diplomats, pilgrims, and scholars traveled these routes, exchanging not only silk, spices, and precious metals, but also ideas, religions, and cultural practices. Buddhism spread from India to China along these routes, while Islam traveled westward to Central Asia. Papermaking and gunpowder — Chinese inventions — eventually reached Europe via the Silk Road, profoundly influencing the course of Western history. The route declined with the rise of maritime trade in the 15th and 16th centuries, when sea routes offered cheaper and faster alternatives for long-distance commerce.",medium
R044,reading,What caused the decline of the Silk Road?,Political conflicts along the routes,The rise of cheaper maritime trade routes,The collapse of the Chinese empire,Natural disasters destroying key passages,1,,"The Silk Road was not a single road, but rather an ancient network of trade routes that connected China to the Mediterranean world, stretching over 6,000 kilometers. From roughly the 2nd century BC to the 15th century AD, merchants, diplomats, pilgrims, and scholars traveled these routes, exchanging not only silk, spices, and precious metals, but also ideas, religions, and cultural practices. Buddhism spread from India to China along these routes, while Islam traveled westward to Central Asia. Papermaking and gunpowder — Chinese inventions — eventually reached Europe via the Silk Road, profoundly influencing the course of Western history. The route declined with the rise of maritime trade in the 15th and 16th centuries, when sea routes offered cheaper and faster alternatives for long-distance commerce.",medium
R045,reading,Which of the following Chinese inventions reached Europe through the Silk Road?,Printing press and compass,Gunpowder and papermaking,Silk weaving and ceramics,Astronomy and medicine,1,,"The Silk Road was not a single road, but rather an ancient network of trade routes that connected China to the Mediterranean world, stretching over 6,000 kilometers. From roughly the 2nd century BC to the 15th century AD, merchants, diplomats, pilgrims, and scholars traveled these routes, exchanging not only silk, spices, and precious metals, but also ideas, religions, and cultural practices. Buddhism spread from India to China along these routes, while Islam traveled westward to Central Asia. Papermaking and gunpowder — Chinese inventions — eventually reached Europe via the Silk Road, profoundly influencing the course of Western history. The route declined with the rise of maritime trade in the 15th and 16th centuries, when sea routes offered cheaper and faster alternatives for long-distance commerce.",medium
R046,reading,What is the main topic of the passage?,Ocean pollution caused by oil spills,The crisis of plastic pollution in oceans,How marine animals adapt to pollution,Recycling technology for plastic waste,1,,"Plastic pollution has become one of the most visible and persistent environmental crises of our time. Each year, approximately eight million metric tons of plastic waste enters the world's oceans, where it breaks down into microscopic fragments known as microplastics. These particles are ingested by marine organisms — from tiny zooplankton to large whales — and have been found in fish intended for human consumption, raising concerns about human health. A 2022 study detected microplastics in human blood for the first time, suggesting that plastic contamination has permeated the human body. While international efforts to reduce single-use plastics are growing, experts warn that without systemic changes in how plastic is produced, used, and managed, the volume of ocean plastic could triple by 2040.",medium
R047,reading,Approximately how much plastic enters the ocean each year?,2 million metric tons,5 million metric tons,8 million metric tons,15 million metric tons,2,,"Plastic pollution has become one of the most visible and persistent environmental crises of our time. Each year, approximately eight million metric tons of plastic waste enters the world's oceans, where it breaks down into microscopic fragments known as microplastics. These particles are ingested by marine organisms — from tiny zooplankton to large whales — and have been found in fish intended for human consumption, raising concerns about human health. A 2022 study detected microplastics in human blood for the first time, suggesting that plastic contamination has permeated the human body. While international efforts to reduce single-use plastics are growing, experts warn that without systemic changes in how plastic is produced, used, and managed, the volume of ocean plastic could triple by 2040.",medium
R048,reading,What are microplastics?,A type of biodegradable plastic,Tiny fragments resulting from plastic breakdown,Small plastic particles used in manufacturing,A chemical compound found in seawater,1,,"Plastic pollution has become one of the most visible and persistent environmental crises of our time. Each year, approximately eight million metric tons of plastic waste enters the world's oceans, where it breaks down into microscopic fragments known as microplastics. These particles are ingested by marine organisms — from tiny zooplankton to large whales — and have been found in fish intended for human consumption, raising concerns about human health. A 2022 study detected microplastics in human blood for the first time, suggesting that plastic contamination has permeated the human body. While international efforts to reduce single-use plastics are growing, experts warn that without systemic changes in how plastic is produced, used, and managed, the volume of ocean plastic could triple by 2040.",medium
R049,reading,What alarming discovery was made in a 2022 study?,Microplastics were found in Antarctica's ice,Whales were dying from plastic ingestion at record rates,Microplastics were detected in human blood,Ocean plastic levels had doubled since 2015,2,,"Plastic pollution has become one of the most visible and persistent environmental crises of our time. Each year, approximately eight million metric tons of plastic waste enters the world's oceans, where it breaks down into microscopic fragments known as microplastics. These particles are ingested by marine organisms — from tiny zooplankton to large whales — and have been found in fish intended for human consumption, raising concerns about human health. A 2022 study detected microplastics in human blood for the first time, suggesting that plastic contamination has permeated the human body. While international efforts to reduce single-use plastics are growing, experts warn that without systemic changes in how plastic is produced, used, and managed, the volume of ocean plastic could triple by 2040.",medium
R050,reading,What does the passage predict about ocean plastic by 2040?,It will be largely removed through new technology,It could triple without systemic change,It will stabilize due to international bans,It will shift to deeper ocean floors,1,,"Plastic pollution has become one of the most visible and persistent environmental crises of our time. Each year, approximately eight million metric tons of plastic waste enters the world's oceans, where it breaks down into microscopic fragments known as microplastics. These particles are ingested by marine organisms — from tiny zooplankton to large whales — and have been found in fish intended for human consumption, raising concerns about human health. A 2022 study detected microplastics in human blood for the first time, suggesting that plastic contamination has permeated the human body. While international efforts to reduce single-use plastics are growing, experts warn that without systemic changes in how plastic is produced, used, and managed, the volume of ocean plastic could triple by 2040.",medium
R051,reading,What is the main focus of this passage?,How technology creates new jobs,The benefits and drawbacks of the gig economy,Why companies prefer freelance workers,How governments regulate digital platforms,1,,"The gig economy — characterized by short-term contracts and freelance work rather than permanent employment — has grown dramatically over the past decade, driven by digital platforms such as Uber, Airbnb, Fiverr, and Upwork. Proponents argue that gig work offers unparalleled flexibility, enabling workers to choose their hours, clients, and projects. For companies, it reduces overhead costs and provides scalable access to talent. However, critics highlight a darker side: gig workers typically lack job security, health insurance, paid leave, and retirement benefits that traditional employment provides. Studies show that income volatility is a persistent source of stress for many gig workers. The rapid expansion of the gig economy has forced governments worldwide to reconsider labor laws and worker protection frameworks that were designed for a very different era of employment.",hard
R052,reading,Which of the following is listed as a gig economy platform?,LinkedIn,Fiverr,Zoom,Slack,1,,"The gig economy — characterized by short-term contracts and freelance work rather than permanent employment — has grown dramatically over the past decade, driven by digital platforms such as Uber, Airbnb, Fiverr, and Upwork. Proponents argue that gig work offers unparalleled flexibility, enabling workers to choose their hours, clients, and projects. For companies, it reduces overhead costs and provides scalable access to talent. However, critics highlight a darker side: gig workers typically lack job security, health insurance, paid leave, and retirement benefits that traditional employment provides. Studies show that income volatility is a persistent source of stress for many gig workers. The rapid expansion of the gig economy has forced governments worldwide to reconsider labor laws and worker protection frameworks that were designed for a very different era of employment.",hard
R053,reading,What benefit does the gig economy offer to workers according to its supporters?,Job security and stable income,Access to health insurance,Flexibility to choose hours and projects,Guaranteed retirement benefits,2,,"The gig economy — characterized by short-term contracts and freelance work rather than permanent employment — has grown dramatically over the past decade, driven by digital platforms such as Uber, Airbnb, Fiverr, and Upwork. Proponents argue that gig work offers unparalleled flexibility, enabling workers to choose their hours, clients, and projects. For companies, it reduces overhead costs and provides scalable access to talent. However, critics highlight a darker side: gig workers typically lack job security, health insurance, paid leave, and retirement benefits that traditional employment provides. Studies show that income volatility is a persistent source of stress for many gig workers. The rapid expansion of the gig economy has forced governments worldwide to reconsider labor laws and worker protection frameworks that were designed for a very different era of employment.",hard
R054,reading,What is identified as a persistent problem for gig workers?,Lack of access to digital tools,Too many working hours per week,Income volatility causing stress,Difficulty communicating with clients,2,,"The gig economy — characterized by short-term contracts and freelance work rather than permanent employment — has grown dramatically over the past decade, driven by digital platforms such as Uber, Airbnb, Fiverr, and Upwork. Proponents argue that gig work offers unparalleled flexibility, enabling workers to choose their hours, clients, and projects. For companies, it reduces overhead costs and provides scalable access to talent. However, critics highlight a darker side: gig workers typically lack job security, health insurance, paid leave, and retirement benefits that traditional employment provides. Studies show that income volatility is a persistent source of stress for many gig workers. The rapid expansion of the gig economy has forced governments worldwide to reconsider labor laws and worker protection frameworks that were designed for a very different era of employment.",hard
R055,reading,Why have governments had to reconsider labor laws?,Because gig workers earn more than traditional employees,Because existing laws were not designed for the gig economy model,Because gig platforms have broken existing regulations,Because freelance work is now banned in some countries,1,,"The gig economy — characterized by short-term contracts and freelance work rather than permanent employment — has grown dramatically over the past decade, driven by digital platforms such as Uber, Airbnb, Fiverr, and Upwork. Proponents argue that gig work offers unparalleled flexibility, enabling workers to choose their hours, clients, and projects. For companies, it reduces overhead costs and provides scalable access to talent. However, critics highlight a darker side: gig workers typically lack job security, health insurance, paid leave, and retirement benefits that traditional employment provides. Studies show that income volatility is a persistent source of stress for many gig workers. The rapid expansion of the gig economy has forced governments worldwide to reconsider labor laws and worker protection frameworks that were designed for a very different era of employment.",hard
R056,reading,What is the passage mainly about?,The history of space exploration since the 1960s,The capabilities and early achievements of JWST,How infrared technology works in space,The search for extraterrestrial life,1,,"The James Webb Space Telescope (JWST), launched in December 2021, represents the most powerful space observatory ever built and marks a new era in humanity's exploration of the cosmos. Operating approximately 1.5 million kilometers from Earth at a point called L2, the telescope uses infrared technology to observe objects that are too old, distant, or faint to be detected by its predecessor, the Hubble Space Telescope. In its first year of operation, JWST captured images of galaxies that formed just 300 million years after the Big Bang — providing unprecedented glimpses into the early universe. The telescope is also examining the atmospheres of exoplanets for chemical signatures that might indicate the presence of water or other conditions favorable to life. Scientists hope that JWST will fundamentally transform our understanding of planetary formation, stellar evolution, and the origins of the universe.",hard
R057,reading,Where does the JWST operate?,In low Earth orbit like Hubble,On the Moon's surface,Approximately 1.5 million km from Earth at L2,In orbit around Mars,2,,"The James Webb Space Telescope (JWST), launched in December 2021, represents the most powerful space observatory ever built and marks a new era in humanity's exploration of the cosmos. Operating approximately 1.5 million kilometers from Earth at a point called L2, the telescope uses infrared technology to observe objects that are too old, distant, or faint to be detected by its predecessor, the Hubble Space Telescope. In its first year of operation, JWST captured images of galaxies that formed just 300 million years after the Big Bang — providing unprecedented glimpses into the early universe. The telescope is also examining the atmospheres of exoplanets for chemical signatures that might indicate the presence of water or other conditions favorable to life. Scientists hope that JWST will fundamentally transform our understanding of planetary formation, stellar evolution, and the origins of the universe.",hard
R058,reading,How old were the galaxies imaged by JWST in its first year?,Formed 1 billion years after the Big Bang,Formed 300 million years after the Big Bang,Formed at the time of the Big Bang,Formed 3 billion years ago,1,,"The James Webb Space Telescope (JWST), launched in December 2021, represents the most powerful space observatory ever built and marks a new era in humanity's exploration of the cosmos. Operating approximately 1.5 million kilometers from Earth at a point called L2, the telescope uses infrared technology to observe objects that are too old, distant, or faint to be detected by its predecessor, the Hubble Space Telescope. In its first year of operation, JWST captured images of galaxies that formed just 300 million years after the Big Bang — providing unprecedented glimpses into the early universe. The telescope is also examining the atmospheres of exoplanets for chemical signatures that might indicate the presence of water or other conditions favorable to life. Scientists hope that JWST will fundamentally transform our understanding of planetary formation, stellar evolution, and the origins of the universe.",hard
R059,reading,What is JWST examining in exoplanet atmospheres?,Temperature and wind speed data,Signs of volcanic activity,Chemical signatures suggesting life conditions,The size and mass of each planet,2,,"The James Webb Space Telescope (JWST), launched in December 2021, represents the most powerful space observatory ever built and marks a new era in humanity's exploration of the cosmos. Operating approximately 1.5 million kilometers from Earth at a point called L2, the telescope uses infrared technology to observe objects that are too old, distant, or faint to be detected by its predecessor, the Hubble Space Telescope. In its first year of operation, JWST captured images of galaxies that formed just 300 million years after the Big Bang — providing unprecedented glimpses into the early universe. The telescope is also examining the atmospheres of exoplanets for chemical signatures that might indicate the presence of water or other conditions favorable to life. Scientists hope that JWST will fundamentally transform our understanding of planetary formation, stellar evolution, and the origins of the universe.",hard
R060,reading,What advantage does JWST have over the Hubble Space Telescope?,It can travel closer to distant stars,It uses visible light for sharper images,"It can detect older, more distant, and fainter objects",It is ten times larger than Hubble,2,,"The James Webb Space Telescope (JWST), launched in December 2021, represents the most powerful space observatory ever built and marks a new era in humanity's exploration of the cosmos. Operating approximately 1.5 million kilometers from Earth at a point called L2, the telescope uses infrared technology to observe objects that are too old, distant, or faint to be detected by its predecessor, the Hubble Space Telescope. In its first year of operation, JWST captured images of galaxies that formed just 300 million years after the Big Bang — providing unprecedented glimpses into the early universe. The telescope is also examining the atmospheres of exoplanets for chemical signatures that might indicate the presence of water or other conditions favorable to life. Scientists hope that JWST will fundamentally transform our understanding of planetary formation, stellar evolution, and the origins of the universe.",hard
